0.999999999999996,0.999999999999996,0.999999999999996,0.999999999999996,0.999999999999996,0.999999999999996,0.999999999999996,0.999999999999996,0.999999999999997,0.999999999999997,0.999999999999996,0.999999999999996,0.999999999999996,0.999999999999996,0.999999999999995,0.999999999999995,0.999999999999994,0.999999999999995,0.999999999999996,0.999999999999996,0.999999999999996,0.999999999999996,0.999999999999996,0.999999999999996,0.999999999999997,0.999999999999997,0.999999999999997,0.999999999999997,0.999999999999997,0.999999999999997,0.999999999999998,0.999999999999998,0.999999999999998,0.999999999999998,0.999999999999997,0.999999999999998,0.999999999999999,1,0.999999999999999,1,1,1,1,1,1,0.999999999999999,0.999999999999999,1,1,1,0.999999999999999,1,1,1,1,1,0.999999999999999,0.999999999999999,0.999999999999999,0.999999999999999,0.999999999999999,0.999999999999999,0.999999999999998,0.999999999999998,0.999999999999998,0.999999999999999,0.999999999999999,0.999999999999999,0.999999999999999,1,0.999999999999999,0.999999999999999,1,1,1,1,1,1,1,1,1,1,1,1,1,1,1,0.999999999999999,1,1,0.999999999999999,1,1,1,1,1,1,1,1,1,1
0.438404690433851,0.448492488091828,0.457556653149001,0.465666426292836,0.47288905026842,0.479288048934589,0.484922255265471,0.48984527411066,0.49410520853013,0.497744547290666,0.500800148450583,0.503303275984321,0.505279660142914,0.506749561155059,0.507727821798645,0.508223898385028,0.508241862453067,0.507780367384142,0.50683257549887,0.505386042169159,0.503422554209545,0.50091792039977,0.497841712516785,0.494156955788988,0.489819768295798,0.484778949591515,0.478975519812403,0.472342211822652,0.464802920682226,0.456272117020846,0.446654233961747,0.435843041296352,0.423721025984097,0.410158805164579,0.395014607297527,0.378133869579777,0.359349016529502,0.338479507139411,0.315332268548538,0.289702676145561,0.261376298636239,0.230131710479476,0.195744798451914,0.157995183834791,0.116675713687421,0.0726914542332884,0.0302898465567969,-0.0094591007098239,-0.0466032591827097,-0.081222489334738,-0.113417503305907,-0.143301934553322,-0.170996611601627,-0.196625403996705,-0.220312216302874,-0.242178832852251,-0.262343398456181,-0.280919376542058,-0.298014865943536,-0.31373218645478,-0.328167664663221,-0.341411567669182,-0.353548144527728,-0.36465574460477,-0.374806989235129,-0.384068978622399,-0.392503520213114,-0.40016736810045,-0.407112465585487,-0.413386185015633,-0.419031560560297,-0.424087510774043,-0.428589048715673,-0.432567478099314,-0.4360505744988,-0.439062751047621,-0.441625208403957,-0.443756069008593,-0.445470495873421,-0.446780796317194,-0.447696511228969,-0.448224490602727,-0.448368956263558,-0.448131552911797,-0.447511388863541,-0.446505068184028,-0.445106716318585,-0.443308001854862,-0.441098157739669,-0.438464006177486,-0.435389992630632,-0.43185823593199,-0.427848603676829,-0.423338825047507,-0.418304657494036,-0.412720130041695,-0.406557895904959,-0.399789743458438,-0.392387343535142,-0.384323366477456,-0.375573221190934
0.0869657996823607,0.0955578022900509,0.104262496157413,0.112821715168411,0.121044469990578,0.128791117641849,0.13596114885918,0.142483586428811,0.148309374973442,0.153405328762352,0.157749312612915,0.161326403605315,0.164125834435869,0.166138560112441,0.167355322144747,0.167765110661089,0.167353946502124,0.166103923408398,0.163992465797173,0.160991771025751,0.157068417068689,0.152183127729702,0.146290698354031,0.139340095965563,0.131274759277013,0.122033136567696,0.111549513465489,0.0997551987092838,0.0865801545438927,0.0719551800913765,0.0558147814751422,0.0381008923081047,0.0187676430801389,-0.00221258132422682,-0.0248415096457554,-0.0490854374543985,-0.0748633639423123,-0.102032342288224,-0.130369498462643,-0.159550092500703,-0.189120910727726,-0.218468186553759,-0.246779143051328,-0.272996097340813,-0.295761735453953,-0.312847751129994,-0.321581075897366,-0.322842791386876,-0.318099957073528,-0.308625653692898,-0.295510644195809,-0.279678817820362,-0.261904355487167,-0.242829232672336,-0.222980174909099,-0.202784534630922,-0.182584802608142,-0.162651632520458,-0.143195365826967,-0.12437611268164,-0.106312485295042,-0.089089101593788,-0.0727629855380814,-0.0573689904812332,-0.0429243666387512,-0.0294325852722671,-0.0168865220923186,-0.00527109165707134,0.00543458614764619,0.0152554167064392,0.0242188970706449,0.0323539656320926,0.0396900904752309,0.0462565589098438,0.0520819370184122,0.0571936736853842,0.0616178285915103,0.06537890814047,0.0684997973225403,0.0710017791933049,0.0729046370316089,0.0742268374107787,0.0749857954331588,0.0751982262931135,0.0748805901885071,0.0740496404206809,0.072723087313351,0.0709203933202574,0.0686637173224738,0.0659790285330793,0.0628974124573157,0.0594565927385678,0.0557026930709322,0.0516922621303742,0.0474945809039697,0.0431942648397417,0.038894161542156,0.0347185267014308,0.0308164352012039,0.0273653515882132,0.0245747537576998
-0.0172195417868893,-0.0201200388972316,-0.0215216132111747,-0.0217441840363501,-0.0210882592504925,-0.0198193130575401,-0.0181634040494133,-0.0163084334683966,-0.0144080206725732,-0.0125863558345169,-0.0109431596052173,-0.0095583127921852,-0.00849596170270957,-0.00780803748816862,-0.00753719680940986,-0.00771922332557731,-0.00838494066449476,-0.00956168690334678,-0.011274393531329,-0.0135463014151633,-0.0163993340862784,-0.0198541355270931,-0.0239297658757971,-0.0286430341369457,-0.034007431974956,-0.0400316168199832,-0.0467173756902264,-0.0540569832849449,-0.0620298491692028,-0.070598329715413,-0.0797025618669035,-0.0892541595448442,-0.0991286027198675,-0.109156148911944,-0.119111115396611,-0.128699430792395,-0.13754445771523,-0.145171276504781,-0.150989945264678,-0.154278795474386,-0.154169716269002,-0.149638837074893,-0.139508391684612,-0.122469447195161,-0.0971417238730884,-0.0641263685534228,-0.0310686999694305,-0.00116258046957296,0.0248376207995469,0.0466809386002813,0.0644354369154407,0.0783613638762623,0.0888246349541638,0.0962387848951085,0.101026990343658,0.103598156028298,0.104332756683963,0.10357534993642,0.101631560186988,0.0987679745116915,0.0952138554836934,0.0911639106798983,0.0867815993367598,0.0822026286569177,0.0775384142965888,0.072879365265594,0.0682979128815816,0.0638512438904713,0.0595837247760913,0.0555290215597013,0.0517119298907536,0.0481499360229206,0.0448545318454441,0.0418323075678978,0.0390858446974173,0.0366144301400631,0.0344146099825863,0.032480599037675,0.0308045597618987,0.0293767618345722,0.0281856316524466,0.0272176993884411,0.0264574502487831,0.0258870863618953,0.02548620665051,0.0252314145118265,0.0250958677843996,0.0250487932140589,0.0250549997394023,0.0250744432690515,0.0250619229242264,0.0249670289099036,0.0247345210264354,0.0243054028698878,0.0236190827497597,0.0226171976860018,0.0212499518748726,0.0194862353966126,0.0173294306874049,0.0148418612930163,0.0121827276375826
-0.00525458708007258,-0.00759264646898954,-0.0100934460778887,-0.0123731443904377,-0.0142785567279214,-0.015779243521013,-0.0169063968190668,-0.0177185903116101,-0.0182830637593447,-0.0186659614159974,-0.0189276722993104,-0.0191210142454446,-0.0192909422344683,-0.0194750157221319,-0.0197041868200698,-0.020003663336954,-0.0203937124470394,-0.0208903345050058,-0.0215057716227998,-0.0222488336375568,-0.0231250319589696,-0.0241365136422194,-0.0252817863885984,-0.0265552215648094,-0.0279463177569677,-0.0294387026003739,-0.0310088463977462,-0.0326244582911454,-0.0342425358419548,-0.0358070438880088,-0.0372462117656074,-0.0384694645709972,-0.0393640522287176,-0.0397915225634928,-0.0395843216036003,-0.0385430280872049,-0.0364350907004661,-0.0329965177139314,-0.0279389010615748,-0.0209656540383177,-0.0118037527865653,-0.000261173344136711,0.0136734240020284,0.0296617202235144,0.0467327116874036,0.0617449736958962,0.0694771319225185,0.0710899654556843,0.0687075215365138,0.0639066332726478,0.0578134590396656,0.0512039063019347,0.0445917409433789,0.0383000236628355,0.0325164683452303,0.027335086502941,0.0227868357066016,0.0188617678100263,0.015524762867301,0.0127265068950588,0.0104109923554749,0.00852050823186139,0.00699884032876855,0.00579321296463682,0.00485535987099196,0.00414200492615,0.00361495393148904,0.0032409402344786,0.00299132434876954,0.00284171678356192,0.00277157101794614,0.00276377764656522,0.00280427946604686,0.00288171938936715,0.00298712761594545,0.00311365073793434,0.0032563228921811,0.00341187726118035,0.00357859485721535,0.00375618631407533,0.0039457011028595,0.0041494569164541,0.00437097962579234,0.00461494081845513,0.00488707498347733,0.00519405122148401,0.00554326399439034,0.00594249258390719,0.00639935782386096,0.00692047491740631,0.00751015964095887,0.00816848817573343,0.00888843409448851,0.00965170652303659,0.0104227922450669,0.0111405742851344,0.011706801372812,0.0119707219912817,0.0117096205236874,0.0106063611949269,0.00822863389854817
0.00481241789674709,0.00676132742851534,0.00735875761992926,0.00722851109461041,0.00674633289588546,0.00612786207321711,0.00549074457562993,0.00489468627762652,0.00436616233534047,0.00391326801414234,0.00353447525741797,0.00322370305964562,0.00297319076721915,0.00277507893903185,0.00262224187355394,0.0025086970251416,0.00242978478213356,0.0023822332048981,0.00236417532437974,0.00237515875641142,0.0024161710112496,0.00248969432023754,0.00259979821520245,0.00275227468969635,0.00295481834376803,0.00321725155228621,0.00355179155441617,0.00397335146603477,0.00449985925767221,0.00515256579229556,0.00595629212933264,0.00693953286275284,0.00813427898852357,0.00957533910423712,0.0112988031048162,0.0133390782319607,0.0157235856699459,0.0184636607193143,0.02153933117189,0.0248742747819837,0.0282951210274551,0.0314660675214872,0.0337854040865571,0.034225845196971,0.0311001556819102,0.0230642434158728,0.0139527086223067,0.00609903443204218,-9.411339939766e-05,-0.00470713982523516,-0.00798931005612937,-0.0102198219989014,-0.0116519894381142,-0.0124956767262872,-0.0129163363954756,-0.0130404135446636,-0.0129624574012797,-0.0127519672722937,-0.0124592620190328,-0.0121202282737269,-0.011760034803752,-0.0113959772227277,-0.0110396256085581,-0.0106984290011348,-0.0103769042992394,-0.0100775109680431,-0.00980129027003319,-0.00954832917463144,-0.0093180944413677,-0.00910967102561567,-0.00892193028642649,-0.00875364690308595,-0.00860357844463267,-0.00847051779357604,-0.00835332579319265,-0.0082509493258551,-0.00816242834822101,-0.00808689405573513,-0.00802355919708148,-0.00797170049672894,-0.00793063206252454,-0.00789966744157948,-0.0078780665115875,-0.00786496150013761,-0.00785925392089258,-0.00785947087575931,-0.00786356475005888,-0.00786863461897691,-0.00787054068902183,-0.00786337540521275,-0.00783874848069653,-0.00778484329831057,-0.00768522113643562,-0.00751741449657648,-0.0072515191810707,-0.00684938773593028,-0.00626589564260122,-0.00545561538018379,-0.00439216759876638,-0.00311577991542851,-0.00184211178661946
0.00192676732472647,0.00344332098456174,0.00451905309224503,0.00519573172584065,0.00558904251387516,0.0057990932467428,0.00589672028552848,0.00592843287545295,0.0059237838152364,0.00590128845791818,0.00587249764394456,0.00584463321659537,0.00582224776926658,0.00580825832453103,0.00580458828331775,0.0058125666694934,0.00583317713252804,0.00586721339028018,0.00591537561717873,0.00597832861565942,0.00605673413643852,0.00615126435701508,0.0062625999957173,0.006391414015792,0.00653833982009659,0.00670392085246022,0.00688853625333767,0.00709229427748599,0.00731488106337063,0.00755534631038762,0.00781179833746482,0.00808096707757464,0.00835757195545011,0.00863339774265434,0.00889592816013875,0.0091263030196587,0.0092962336718468,0.00936331242453324,0.00926386734776354,0.00890216821846088,0.0081345742492514,0.00674789946293434,0.00443548574787646,0.000790701339019339,-0.00460715225998509,-0.010758727269186,-0.0139833612961887,-0.0149358599187037,-0.0147494877362284,-0.0140324374548817,-0.0130991516313106,-0.0121076645179032,-0.0111347273364474,-0.010215440114916,-0.00936380774643841,-0.00858331763744704,-0.00787236152541546,-0.0072270062648221,-0.00664240280775648,-0.00611349485987929,-0.00563536667452244,-0.00520340460314859,-0.00481336258461376,-0.00446137840140143,-0.00414396518015005,-0.00385799102382895,-0.0036006536052476,-0.00336945335260654,-0.00316216714678353,-0.0029768235214323,-0.00281167984551364,-0.00266520168286341,-0.00253604436409918,-0.00242303671847511,-0.00232516686759026,-0.00224156996255983,-0.0021715177419298,-0.002114409793852,-0.0020697664198626,-0.00203722301739779,-0.00201652592283082,-0.00200752968444618,-0.00201019576017575,-0.00202459264413815,-0.00205089738470948,-0.00208939828598692,-0.00214049810980171,-0.00220471594409498,-0.00228268329413225,-0.00237512427251069,-0.00248279771809786,-0.00260635399809432,-0.0027460077774643,-0.0029008236885206,-0.00306720307051077,-0.0032357499519405,-0.00338491408667246,-0.0034684125472217,-0.0033912717890375,-0.00296738263420481,-0.00185640647429484
-0.000672822076025393,-0.000989368509406924,-0.000857251140384946,-0.000628675054060647,-0.00040679277496845,-0.000215936204826975,-5.74182990045365e-05,7.30054183409639e-05,0.000180063183754443,0.000267737878314347,0.000339144295453815,0.00039666858634694,0.00044212976407171,0.000476908154060109,0.000502037444522588,0.000518268240052557,0.000526111153978693,0.000525865353414678,0.000517636465939296,0.000501346301770696,0.000476735871405553,0.000443362537681984,0.0004005917105614,0.000347583188909781,0.000283272022456294,0.000206343574010109,0.000115202281742596,7.93343068939833e-06,-0.000117742987241949,-0.000264527558982503,-0.000435607587007277,-0.000634736533413078,-0.000866330449503367,-0.00113558701360679,-0.00144863565231822,-0.0018127305318143,-0.00223649891140844,-0.00273024340284019,-0.00330622732632496,-0.00397861792367594,-0.00476192061136482,-0.00566407434197571,-0.00666211876457403,-0.00762302423443537,-0.00805584569331937,-0.00692346631625499,-0.00504150220341019,-0.00340948666892846,-0.00213920916881274,-0.00116856004213583,-0.000424055792731329,0.000150597158108501,0.00059539968259583,0.000938987578590045,0.00120252125145849,0.00140217256775926,0.00155064073082356,0.00165808844600237,0.00173274584780927,0.00178132287415302,0.00180930728005396,0.00182119058613503,0.00182064564292566,0.00181066962119899,0.0017937009489645,0.00177171580841577,0.00174630814167037,0.00171875610633911,0.00169007726925937,0.00166107437306902,0.00163237317400539,0.00160445358667221,0.00157767515838793,0.00155229771803067,0.00152849789323995,0.0015063820594378,0.00148599616988162,0.00146733281414957,0.00145033575971112,0.001434902144164,0.00142088240048187,0.00140807790936473,0.00139623627451985,0.00138504399737819,0.00137411616858074,0.00136298256103614,0.00135106914167153,0.00133767340005427,0.00132193080112722,0.00130276768599621,0.00127883227644823,0.00124838863884955,0.00120914609424742,0.00115797535379303,0.00109043180404496,0.000999984715263746,0.000876948931922305,0.00070780796263108,0.000478739414582323,0.000199413663545973,8.25760362640832e-06
-0.000491634288944251,-0.00102002004953776,-0.00124491361046009,-0.0013339101601189,-0.00136364485739687,-0.00136626237918314,-0.00135592375542432,-0.00133954799551282,-0.00132092559453705,-0.0013023439106133,-0.00128528349176853,-0.00127075082419606,-0.00125945649119283,-0.0012519202984573,-0.0012485378954547,-0.00124962501606786,-0.0012554476419414,-0.00126624272865076,-0.00128223223448626,-0.00130363210671165,-0.00133065720454532,-0.00136352268075284,-0.00140244200509707,-0.0014476215352503,-0.00149925128636571,-0.00155749129071845,-0.00162245264779445,-0.00169417201502943,-0.00177257784510301,-0.00185744608871058,-0.00194834227939874,-0.00204454578364715,-0.00214495033863692,-0.00224793245261977,-0.0023511750899986,-0.00245142672686995,-0.0025441615527365,-0.00262307549429434,-0.00267927790212091,-0.00269984313580938,-0.00266484467774608,-0.00254044957595587,-0.00226127688831766,-0.00168381829065422,-0.000472116503695784,0.00142696866359091,0.00246116033203992,0.00285881177621259,0.0029871585577041,0.00298621869010191,0.00291583045067097,0.00280617690849945,0.0026748121434993,0.00253285329621895,0.0023876015691654,0.00224387536392146,0.00210480118836649,0.00197233064441809,0.00184759612124502,0.00173116163864795,0.00162320170293834,0.00152362930529236,0.00143218745209143,0.00134851434589915,0.00127218946421218,0.0012027657831389,0.00113979196960891,0.00108282733819786,0.00103145162007543,0.000985271042869269,0.000943921816370127,0.000907071820945206,0.000874421075071339,0.000845701394956177,0.000820675537522218,0.000799136026677224,0.000780903793122341,0.000765826703193394,0.000753778006970719,0.000744654695474837,0.000738375716891506,0.000734879957994917,0.000734123844140628,0.000736078342809022,0.000740725062581111,0.000748051008107708,0.000758041361073914,0.000770669373164495,0.000785882020967733,0.000803579377346504,0.000823584483824178,0.000845598378041865,0.000869130591943274,0.000893385310134145,0.000917056367165066,0.000937904534444326,0.000951741274893475,0.000949652224601163,0.000909868518767782,0.00077418035986587,0.000389164801699168
6.69630095925541e-05,5.59189250301684e-05,-2.253099687869e-05,-8.88559954467631e-05,-0.000140669225747076,-0.000181593503056659,-0.000214307365082334,-0.000240607939391498,-0.000261789799497612,-0.000278843861609998,-0.00029255283942113,-0.000303542522959172,-0.000312313877747659,-0.000319265601487681,-0.000324710993317085,-0.000328890849341756,-0.000331983260463451,-0.00033411082323883,-0.000335345588359564,-0.000335711957526539,-0.000335187657023357,-0.000333702848558869,-0.000331137377887235,-0.00032731610632825,-0.000322002218621253,-0.000314888352833338,-0.000305585355790859,-0.000293608433619303,-0.000278360446225167,-0.000259112094106051,-0.000234978775972927,-0.00020489396969057,-0.000167579122376627,-0.000121510239540353,-6.48816257558821e-05,4.43254609524979e-06,8.89183415889967e-05,0.000191465154464794,0.000315420316139931,0.000464687792867878,0.000643974633088173,0.000859457754594366,0.001120229286313,0.00143774678856771,0.00178508710264057,0.00183353547232507,0.00153996973219822,0.00124549577359596,0.000995075136789532,0.000783973297707092,0.000606100482245553,0.000456696686686844,0.000331750890169216,0.000227729435842802,0.00014150747770287,7.03466508571813e-05,1.1871591806355e-05,-3.59608798499654e-05,-7.48967359928446e-05,-0.000106420335417397,-0.000131788378620568,-0.000152061066928982,-0.000168130014948853,-0.000180742862651137,-0.00019052474038754,-0.000197996837654745,-0.000203592363271036,-0.000207670188637289,-0.000210526452494898,-0.000212404383763301,-0.000213502573507543,-0.000213981900551999,-0.000213971289222522,-0.000213572452953719,-0.000212863754380625,-0.00021190329115311,-0.00021073129698097,-0.000209371929140332,-0.000207834496560012,-0.000206114166287389,-0.000204192170120322,-0.000202035516896304,-0.000199596198566728,-0.00019680985873238,-0.000193593869465012,-0.000189844734283385,-0.00018543470003153,-0.00018020741586701,-0.000173972421533036,-0.000166498178268974,-0.000157503272884053,-0.000146645319017272,-0.000133506889827008,-0.000117577275487343,-9.82269884541773e-05,-7.46659187739891e-05,-4.5862097411344e-05,-1.04092705378421e-05,3.3185817170327e-05,8.05118097422808e-05,6.61590961693583e-05
0.000115613564261401,0.000259747474774583,0.000293368537509742,0.000299888407493181,0.000297347533580813,0.000291048091958417,0.000283220056811124,0.000275021895630148,0.000267111670234828,0.000259876545476476,0.000253547521867895,0.000248263488637389,0.000244109115215437,0.000241138071292292,0.000239387612500388,0.000238887919067997,0.000239668167027909,0.000241760518898812,0.000245202755268048,0.000250039985669518,0.000256325698941398,0.000264122295917938,0.000273501164797069,0.000284542295479747,0.000297333372410062,0.00031196822733397,0.000328544465927356,0.0003471599964929,0.000367908073330437,0.000390870305613583,0.000416106850176027,0.000443642665777063,0.000473448197349295,0.000505412084221491,0.000539302283674488,0.00057471008760159,0.000610968368493393,0.000647030008339487,0.00068128263812514,0.000711255875792368,0.00073312820413112,0.000740775751303709,0.00072331963233906,0.00065539000489219,0.00044338206910252,-4.13073876641957e-05,-0.000323434333666859,-0.000454905779797259,-0.000525048910672983,-0.000561329696485332,-0.000576199509678734,-0.000576938700180577,-0.000568294181563401,-0.000553508332842573,-0.000534846596351794,-0.000513909444884771,-0.000491831456887506,-0.00046941460281566,-0.000447220537016544,-0.000425636075798109,-0.000404920469384689,-0.000385239949560259,-0.000366693186641773,-0.000349330145074686,-0.000333166088491173,-0.000318191991027052,-0.000304382270935202,-0.000291700521625159,-0.000280103741615766,-0.000269545437871364,-0.000259977882996783,-0.000251353736619495,-0.000243627188514686,-0.000236754741041122,-0.000230695717890149,-0.000225412562488298,-0.000220870970731566,-0.000217039887567073,-0.000213891384050507,-0.000211400419826324,-0.000209544484498355,-0.000208303098988987,-0.000207657143459474,-0.000207587959967285,-0.000208076153315973,-0.000209099978710825,-0.000210633153727416,-0.000212641854375867,-0.00021508053262018,-0.000217885993025853,-0.000220968828601917,-0.000224200722994117,-0.000227395039167218,-0.000230276010676981,-0.000232427444126481,-0.000233201329018176,-0.000231535787319499,-0.000225512040590149,-0.000210901230299582,-0.000174997483823306,-7.14186114254327e-05
4.38936217568047e-06,3.4505321732553e-05,5.82157466785914e-05,7.39557636618343e-05,8.52238513290592e-05,9.35546730965957e-05,9.97949793793941e-05,0.000104502503435752,0.000108073832655426,0.000110801521021056,0.000112906163271894,0.000114556522517619,0.000115882909990983,0.000116986409101785,0.000117945395382305,0.000118820213646115,0.0001196565409295,0.000120487766765159,0.000121336601047658,0.000122216041844281,0.000123129782839793,0.000124072102143629,0.000125027244749236,0.000125968286263147,0.000126855443195048,0.000127633773507726,0.000128230189043594,0.000128549677776209,0.000128470607397144,0.000127838950962814,0.000126461237727288,0.00012409598367779,0.000120443289235763,0.000115132192572484,0.000107705211372562,9.75992481905189e-05,8.41215889624509e-05,6.64189185528074e-05,4.34357164105969e-05,1.38549361041741e-05,-2.39959204691635e-05,-7.2328595558249e-05,-0.000134418481122462,-0.000216757420169242,-0.000336237434082943,-0.000436246629647042,-0.000412319133878262,-0.000368233386307766,-0.000323388058232648,-0.000281058799596947,-0.00024241358806338,-0.000207807854246936,-0.000177200532117499,-0.000150358374162802,-0.000126961965126384,-0.000106662333000699,-8.91115920080018e-05,-7.39792856832672e-05,-6.09605723391299e-05,-4.97796613571411e-05,-4.01904723476232e-05,-3.19756943860835e-05,-2.49449638720396e-05,-1.89326055451873e-05,-1.37952126163165e-05,-9.40923575593264e-06,-5.66868254051249e-06,-2.48298478869237e-06,2.24937461595206e-07,2.52040506059922e-06,4.45850327017586e-06,6.08540804518131e-06,7.43952727256349e-06,8.55247093146829e-06,9.44986449911539e-06,1.01520193894595e-05,1.06744731038883e-05,1.10284103571496e-05,1.12209748609065e-05,1.12554798379949e-05,1.11315237790084e-05,1.08450164985234e-05,1.03881192848886e-05,9.74910191324846e-06,8.91211867590965e-06,7.85690561248162e-06,6.55840234212276e-06,4.9863054586972e-06,3.10456867815331e-06,8.7088275493478e-07,-1.76379415254505e-06,-4.85550579742976e-06,-8.46704876244246e-06,-1.26665200232978e-05,-1.75231397548012e-05,-2.30968077027245e-05,-2.94126334460178e-05,-3.63958972870905e-05,-4.36560687150947e-05,-4.89263355276497e-05,-2.6550132190882e-05
-2.46014505835424e-05,-5.64488821473954e-05,-5.94036327433095e-05,-5.80947875902818e-05,-5.55426209098351e-05,-5.2621264893368e-05,-4.97024858621081e-05,-4.6962951634974e-05,-4.44884311573763e-05,-4.23187560489456e-05,-4.04697547013345e-05,-3.89448604294176e-05,-3.77416047170859e-05,-3.685538282151e-05,-3.6281688240976e-05,-3.60174598936237e-05,-3.60619069098441e-05,-3.64170251017697e-05,-3.70879331130449e-05,-3.80831051152588e-05,-3.94145454121945e-05,-4.10979301060994e-05,-4.31527271697942e-05,-4.56022957883438e-05,-4.84739565712336e-05,-5.17990145229177e-05,-5.56127048785986e-05,-5.99540162431885e-05,-6.48653234999165e-05,-7.03917312685275e-05,-7.65799821779129e-05,-8.34767150567962e-05,-9.11257539831612e-05,-9.95639499081022e-05,-0.000108814848263778,-0.00011887905764519,-0.000129719529053609,-0.000141238776849229,-0.000153242819943458,-0.000165381892375838,-0.000177046942767645,-0.00018717191255173,-0.000193796966088266,-0.000192682231535472,-0.00016626303181955,-6.1547313129568e-05,6.71378778833735e-06,4.38522140478592e-05,6.77463926266568e-05,8.34873461023303e-05,9.36350715606861e-05,9.97987798130961e-05,0.000103082926887666,0.000104279553808063,0.00010397065597917,0.00010258984858008,0.000100462645000782,9.78342287789662e-05,9.48893165417312e-05,9.17667262188095e-05,8.85702508567496e-05,8.5376875758575e-05,8.22430426790638e-05,7.92094551018811e-05,7.63047806678516e-05,7.35485125670322e-05,7.09531852693906e-05,6.85260920164624e-05,6.62706162094198e-05,6.4187262485349e-05,6.22744533881391e-05,6.05291423597552e-05,5.89472821177013e-05,5.75241784284083e-05,5.62547521897857e-05,5.5133727094927e-05,5.41557555862707e-05,5.33154919985906e-05,5.26076184970761e-05,5.20268263934945e-05,5.15677524565532e-05,5.12248666883871e-05,5.09923044105302e-05,5.08636310422133e-05,5.08315220906076e-05,5.08873328112916e-05,5.10205204539832e-05,5.12178648488528e-05,5.14624067471001e-05,5.17319814460387e-05,5.19971561650729e-05,5.22182609327612e-05,5.23409882474529e-05,5.22896241152368e-05,5.19561129144939e-05,5.11811723867482e-05,4.97184256252064e-05,4.71553930266501e-05,4.26841686738563e-05,3.40225722997278e-05,1.11436368000331e-05
-5.16634021074802e-06,-1.86181345289074e-05,-2.44306894435403e-05,-2.7812448012097e-05,-2.99915247446923e-05,-3.14330232635433e-05,-3.2390004300505e-05,-3.30208838018617e-05,-3.34321490646218e-05,-3.36985880436908e-05,-3.38743178289338e-05,-3.39993611824917e-05,-3.41038150956549e-05,-3.42106096208716e-05,-3.43373908482111e-05,-3.44978323418795e-05,-3.4702556290652e-05,-3.49597755615287e-05,-3.52757259293562e-05,-3.56549315195686e-05,-3.61003292247552e-05,-3.66132657717829e-05,-3.71933720085301e-05,-3.7838311501205e-05,-3.8543393768023e-05,-3.93010358069473e-05,-4.01000484388094e-05,-4.0924715846364e-05,-4.17536268743084e-05,-4.25582042637855e-05,-4.33008616247034e-05,-4.39326953901659e-05,-4.43905865491341e-05,-4.459353824982e-05,-4.44379991291615e-05,-4.37917976699122e-05,-4.24860996938092e-05,-4.03044151245534e-05,-3.69669279012823e-05,-3.21068051532342e-05,-2.52311926280989e-05,-1.56482473613622e-05,-2.29901288342618e-06,1.68347949300099e-05,4.90165781296049e-05,9.29977673016921e-05,9.84804201643189e-05,9.46605270198544e-05,8.83149195797462e-05,8.11072122739053e-05,7.37787674857287e-05,6.66993589551154e-05,6.00544532835125e-05,5.39289574829949e-05,4.83503554820933e-05,4.33129368785281e-05,3.87921459171363e-05,3.47533501046728e-05,3.11572829469439e-05,2.79634276892107e-05,2.51320918813837e-05,2.262563499901e-05,2.04091434906911e-05,1.84507455433618e-05,1.67216935469334e-05,1.51963004592824e-05,1.38517884524356e-05,1.26680893411849e-05,1.16276233107892e-05,1.07150734737327e-05,9.9171675364427e-06,9.22247354872862e-06,8.62121373771498e-06,8.1050984230824e-06,7.66718067618777e-06,7.30173151951066e-06,7.00413491664888e-06,6.77080147178329e-06,6.59909954291852e-06,6.48730232147731e-06,6.4345492756777e-06,6.44082013694407e-06,6.50691926723616e-06,6.63446769262949e-06,6.82589918716466e-06,7.08445535393978e-06,7.41417229222049e-06,7.81984753349267e-06,8.30696925680272e-06,8.88157805917531e-06,9.55001025375237e-06,1.03184316868066e-05,1.11919932134092e-05,1.21732799863151e-05,1.32593799366276e-05,1.44360665405503e-05,1.56653311366296e-05,1.68551937442281e-05,1.77697421524836e-05,1.75810076676631e-05,7.78295708284627e-06
4.65457338780084e-06,1.02658399982743e-05,9.89339498911492e-06,8.99158312952866e-06,8.0058868999846e-06,7.06116445399314e-06,6.20131980652831e-06,5.44061578739568e-06,4.78092103520029e-06,4.21875892062743e-06,3.74854974162683e-06,3.36421016206559e-06,3.05996918751908e-06,2.83078479160174e-06,2.67254956150922e-06,2.58218460129433e-06,2.55767675756856e-06,2.59809073989151e-06,2.70357457577797e-06,2.87536923435851e-06,3.11582874831579e-06,3.4284544513346e-06,3.81794524178858e-06,4.29026457756857e-06,4.85272388509765e-06,5.51408090566558e-06,6.28464994428213e-06,7.1764186732581e-06,8.20316263379211e-06,9.38054319987839e-06,1.07261665717334e-05,1.22595688601858e-05,1.40020732272678e-05,1.59764357181013e-05,1.82061507862731e-05,2.07142148835587e-05,2.35210265864242e-05,2.66408924607582e-05,3.00762137335523e-05,3.38076112824265e-05,3.77763414816448e-05,4.18502283355451e-05,4.57477225862821e-05,4.88229495065537e-05,4.85486565667e-05,3.01429432737305e-05,1.53095936639702e-05,5.99600320265057e-06,-7.28670418884363e-07,-5.69898248279824e-06,-9.37628860080318e-06,-1.20714840707528e-05,-1.40110874984827e-05,-1.5366487981645e-05,-1.62699963459451e-05,-1.68249208591254e-05,-1.71124527066142e-05,-1.71966314894514e-05,-1.71280520474547e-05,-1.69466952606042e-05,-1.66841233002292e-05,-1.63652002235156e-05,-1.6009450761381e-05,-1.5632139228407e-05,-1.52451295904821e-05,-1.48575730237896e-05,-1.44764586259021e-05,-1.41070550216574e-05,-1.3753264599043e-05,-1.34179075126056e-05,-1.31029490005195e-05,-1.28096807637301e-05,-1.25388649198917e-05,-1.22908472718955e-05,-1.20656451888827e-05,-1.18630142208315e-05,-1.16824965865523e-05,-1.15234538338264e-05,-1.13850852309222e-05,-1.12664327618128e-05,-1.11663729229331e-05,-1.10835948217595e-05,-1.1016563273494e-05,-1.09634646553273e-05,-1.092213204431e-05,-1.08899445409874e-05,-1.08636933892289e-05,-1.0839404182074e-05,-1.08120994736538e-05,-1.07754784344316e-05,-1.07214779026315e-05,-1.06396587471885e-05,-1.05163257721278e-05,-1.03332230148915e-05,-1.00655123895601e-05,-9.67844387121652e-06,-9.12135786442595e-06,-8.31529476985209e-06,-7.12055023327244e-06,-5.19458831909714e-06,-1.19648587590188e-06
1.99648339879486e-06,6.35535597608491e-06,7.62617722956152e-06,8.26386221204445e-06,8.60711927471874e-06,8.78393171853815e-06,8.86099765115698e-06,8.87805987274541e-06,8.86060775173902e-06,8.8257634679795e-06,8.78541014644778e-06,8.74800967642985e-06,8.71972523497442e-06,8.70514491819267e-06,8.70776303754272e-06,8.73030732445353e-06,8.77496407578137e-06,8.84353284081357e-06,8.93753015973758e-06,9.05825437667458e-06,9.20681869693295e-06,9.38415633515017e-06,9.59099915203314e-06,9.82782918853951e-06,1.00948007275257e-05,1.03916287213093e-05,1.07174374615638e-05,1.10705610279453e-05,1.14482841204991e-05,1.18465080064508e-05,1.22593210292486e-05,1.26784456329144e-05,1.30925229110447e-05,1.34861791664509e-05,1.38387932109614e-05,1.41228414614831e-05,1.43016275886157e-05,1.43260780931573e-05,1.41300446908378e-05,1.36230456027791e-05,1.2678156301285e-05,1.11093122426506e-05,8.62014586013581e-06,4.64357949422963e-06,-2.87621760987595e-06,-1.72353095908288e-05,-2.09568671250115e-05,-2.16648677503331e-05,-2.13242663571212e-05,-2.04720261566045e-05,-1.93645818252772e-05,-1.81442277318052e-05,-1.68948470689541e-05,-1.56667879662391e-05,-1.44898825492528e-05,-1.33809604006517e-05,-1.23484666589229e-05,-1.13954211553165e-05,-1.05213672029968e-05,-9.72367700666088e-06,-8.99843365333647e-06,-8.34102772306897e-06,-7.74655835266507e-06,-7.21009896610434e-06,-6.72686892305965e-06,-6.29233981609203e-06,-5.90229664276296e-06,-5.5528681781699e-06,-5.24053672308207e-06,-4.96213443717672e-06,-4.71483135269643e-06,-4.49611862747812e-06,-4.30378950450792e-06,-4.13591964155383e-06,-3.99084790945769e-06,-3.86715833858517e-06,-3.76366358717848e-06,-3.67939008370558e-06,-3.61356480590993e-06,-3.56560350484981e-06,-3.53510002952075e-06,-3.52181621968529e-06,-3.52567162991459e-06,-3.54673202641536e-06,-3.58519518467391e-06,-3.6413718753345e-06,-3.71565895845059e-06,-3.80849999353496e-06,-3.92032631340108e-06,-4.05146736902031e-06,-4.20201195779156e-06,-4.37158891215816e-06,-4.55901120620271e-06,-4.76167837289955e-06,-4.97452724132962e-06,-5.18807435408869e-06,-5.38443383316841e-06,-5.52808781537479e-06,-5.53939106717307e-06,-5.17587976219447e-06,-1.99376987950469e-06
-7.32084550254558e-07,-1.36428439964901e-06,-1.05036948995494e-06,-7.21513084385133e-07,-4.23929273760481e-07,-1.65296662347843e-07,5.54708586023342e-08,2.4187213205494e-07,3.97901164201426e-07,5.27380269543444e-07,6.33725189821501e-07,7.19876703354238e-07,7.88299634101948e-07,8.41008542618073e-07,8.7960203055566e-07,9.05297126061136e-07,9.18959546299671e-07,9.21127728141848e-07,9.12029585450884e-07,8.91591473810775e-07,8.59439088573876e-07,8.14890091168619e-07,7.56938249732572e-07,6.84228816806357e-07,5.95024807247572e-07,4.87163800493244e-07,3.58004929606093e-07,2.04365860389622e-07,2.2449901552436e-08,-1.92236002368477e-07,-4.44970586707213e-07,-7.41911390098606e-07,-1.09018549208899e-06,-1.49796750083008e-06,-1.97452792704684e-06,-2.53022487136623e-06,-3.17639533469394e-06,-3.92507395330511e-06,-4.78841401696506e-06,-5.77757758911265e-06,-6.90061661040994e-06,-8.15823732678544e-06,-9.53440668136661e-06,-1.09712407910017e-05,-1.22626234725964e-05,-1.02085724404775e-05,-7.35361011322069e-06,-5.25420277684589e-06,-3.58087074477849e-06,-2.23596288347739e-06,-1.15567872456364e-06,-2.91107862867306e-07,3.97073578216661e-07,9.41023062962825e-07,1.36720679107685e-06,1.69745669301517e-06,1.94979087080473e-06,2.13907437330449e-06,2.27756035828613e-06,2.37533674731511e-06,2.44069626152488e-06,2.48044357324682e-06,2.50015050335824e-06,2.50436813956548e-06,2.49680314424233e-06,2.4804642464446e-06,2.45778387095703e-06,2.43071901593401e-06,2.4008347875193e-06,2.36937342577781e-06,2.33731117258431e-06,2.30540492906612e-06,2.27423031468092e-06,2.24421244972404e-06,2.21565054112521e-06,2.18873714519449e-06,2.16357279122002e-06,2.14017649861668e-06,2.11849256490095e-06,2.09839387088879e-06,2.07968181585129e-06,2.06208285128229e-06,2.04524144260705e-06,2.0287091010881e-06,2.01192892173389e-06,1.99421478340431e-06,1.97472399088187e-06,1.95242161656191e-06,1.92603406046574e-06,1.8939882505228e-06,1.85433128174154e-06,1.80462277950265e-06,1.7417882494433e-06,1.66191483609686e-06,1.55995833411642e-06,1.42930474755787e-06,1.26107120729986e-06,1.04287371300155e-06,7.56230535569908e-07,3.67751136450486e-07,-5.81796740208348e-08
-6.00421498662073e-07,-1.79972466477576e-06,-2.04502915004036e-06,-2.13988610764862e-06,-2.16991391506281e-06,-2.16681352957173e-06,-2.14635876187923e-06,-2.11748971743692e-06,-2.08564796338848e-06,-2.05429508248636e-06,-2.02570256209603e-06,-2.00140027814215e-06,-1.98244678341336e-06,-1.96959919276048e-06,-1.96342328713391e-06,-1.96436649695091e-06,-1.97280700138149e-06,-1.98908691825392e-06,-2.01353445822799e-06,-2.04647803654903e-06,-2.08825411077177e-06,-2.13920971304301e-06,-2.19970004302109e-06,-2.27008102923499e-06,-2.35069633748766e-06,-2.44185788747542e-06,-2.54381844783802e-06,-2.65673429784433e-06,-2.78061516904083e-06,-2.91525764198494e-06,-3.06015670902572e-06,-3.21438811244319e-06,-3.3764509551473e-06,-3.54405537223119e-06,-3.71383271663751e-06,-3.88093391307791e-06,-4.03846186393472e-06,-4.17664880879338e-06,-4.28162294862245e-06,-4.33346903593832e-06,-4.30295680478928e-06,-4.14539505697252e-06,-3.78692311916419e-06,-3.08316461776266e-06,-1.53763272952907e-06,2.46447740354816e-06,3.8240998297256e-06,4.36082311330215e-06,4.57124627192539e-06,4.60046384715367e-06,4.5213349139711e-06,4.37681323387113e-06,4.19412334741363e-06,3.99113861880153e-06,3.7797696963047e-06,3.56796162735012e-06,3.36095383596864e-06,3.16211244781581e-06,2.97349774328729e-06,2.79625946368386e-06,2.63091615290564e-06,2.47755428160389e-06,2.3359707982991e-06,2.20577524426515e-06,2.08646270780882e-06,1.97746563667667e-06,1.87819029321359e-06,1.7880420493361e-06,1.70644259954513e-06,1.63284133789032e-06,1.56672255643428e-06,1.50760967340424e-06,1.45506737579644e-06,1.40870231390175e-06,1.36816281052616e-06,1.33313789927928e-06,1.30335590921656e-06,1.27858272428124e-06,1.25861977764289e-06,1.24330177791065e-06,1.23249410176783e-06,1.22608972319038e-06,1.22400546320837e-06,1.22617724710928e-06,1.23255390713274e-06,1.24308887228278e-06,1.25772877906351e-06,1.27639758880925e-06,1.29897406202559e-06,1.3252592559496e-06,1.35492869248518e-06,1.38746026624726e-06,1.42202235319773e-06,1.45729363509071e-06,1.49115893644881e-06,1.52016231977347e-06,1.53843273084607e-06,1.53527671686454e-06,1.48850377896135e-06,1.33621658039241e-06,4.62429794343581e-07
6.95491741280178e-08,1.67579491577454e-08,-1.02906396836671e-07,-2.00028835986737e-07,-2.78121338725032e-07,-3.40859566719278e-07,-3.91279780145442e-07,-4.31809905815006e-07,-4.64384478090423e-07,-4.90547953829687e-07,-5.1153599872385e-07,-5.28337579313136e-07,-5.41742245029009e-07,-5.52376295567041e-07,-5.60730546930669e-07,-5.67181590690029e-07,-5.72007841443484e-07,-5.75401261757929e-07,-5.77475360595516e-07,-5.78269872297212e-07,-5.77752352140473e-07,-5.75816815312702e-07,-5.72279425852694e-07,-5.66871155456552e-07,-5.59227232940285e-07,-5.48873130883463e-07,-5.35206749232664e-07,-5.17476396834109e-07,-4.94754108481808e-07,-4.65903807161159e-07,-4.29543819867173e-07,-3.84003295034417e-07,-3.27272184818827e-07,-2.56944638572943e-07,-1.70155958410127e-07,-6.35136807168784e-08,6.69760620070988e-08,2.25984927884835e-07,4.18938271529559e-07,6.52085370790215e-07,9.32556565260322e-07,1.26840452640765e-06,1.66869237710857e-06,2.14435265773456e-06,2.73334438091257e-06,2.93430983983365e-06,2.48112018446905e-06,2.0632735880467e-06,1.69077547282898e-06,1.36624780414286e-06,1.08719919678088e-06,8.49356016907733e-07,6.47956855376658e-07,4.78315799739458e-07,3.36072255889747e-07,2.17291178879898e-07,1.18488253813483e-07,3.66172232155183e-08,-3.09610741626491e-08,-8.65174096718294e-08,-1.31994892434868e-07,-1.69048667730728e-07,-1.99083014074687e-07,-2.23285122140643e-07,-2.42655314495521e-07,-2.58033734075458e-07,-2.70123685594694e-07,-2.79511877907745e-07,-2.86685860919474e-07,-2.92048940452011e-07,-2.95932859288669e-07,-2.98608500652827e-07,-3.00294855280395e-07,-3.01166456862258e-07,-3.01359475390677e-07,-3.00976621658041e-07,-3.00090992267649e-07,-2.9874896578332e-07,-2.9697222905798e-07,-2.9475899736036e-07,-2.92084464778947e-07,-2.8890050601426e-07,-2.85134619187539e-07,-2.80688086311879e-07,-2.75433289371089e-07,-2.69210100698164e-07,-2.61821215840862e-07,-2.53026263440187e-07,-2.42534470142581e-07,-2.29995603044967e-07,-2.14988888864138e-07,-1.9700962847203e-07,-1.75453448042223e-07,-1.4959879077768e-07,-1.18590127386972e-07,-8.14295907784992e-08,-3.70007731810104e-08,1.57943705585478e-08,7.74447282370254e-08,1.44631610824393e-07,9.3478166653778e-08
1.57716511071785e-07,4.49957388646835e-07,4.88091413562559e-07,4.93947356391226e-07,4.8736461612205e-07,4.75399274915268e-07,4.6136837944019e-07,4.47032075501834e-07,4.33382647149588e-07,4.2099646209153e-07,4.10212699838637e-07,4.01232207973153e-07,3.9417541278141e-07,3.8911761090029e-07,3.86111094232262e-07,3.85199317682952e-07,3.86426127282757e-07,3.89841844481796e-07,3.95507300396696e-07,4.03496477529264e-07,4.13898156462681e-07,4.26816778958548e-07,4.42372617957456e-07,4.60701243784483e-07,4.81952192487504e-07,5.06286645659297e-07,5.33873835258293e-07,5.64885742204868e-07,5.99489491105701e-07,6.37836582577184e-07,6.80047749099913e-07,7.2619169988887e-07,7.76255228018953e-07,8.30100973270323e-07,8.87407271085671e-07,9.47581561439121e-07,1.00963387617059e-06,1.07198822940043e-06,1.13219325744427e-06,1.18645912144591e-06,1.22886702713378e-06,1.24987727594612e-06,1.23301895607002e-06,1.14512068216794e-06,8.79184301522563e-07,-1.06704666505146e-07,-5.11613481827299e-07,-7.16759018311625e-07,-8.34056557547905e-07,-8.98332677254004e-07,-9.27886454000847e-07,-9.34037315169485e-07,-9.24334723535738e-07,-9.04015664315551e-07,-8.76790944594045e-07,-8.45318206146521e-07,-8.1150763567024e-07,-7.76729358394207e-07,-7.41958913499369e-07,-7.07881692144144e-07,-6.74969141122005e-07,-6.43534984763003e-07,-6.13777019333726e-07,-5.85808329915399e-07,-5.59680670540547e-07,-5.35401996774181e-07,-5.12949605713085e-07,-4.92279972590726e-07,-4.73336088317048e-07,-4.56052912659071e-07,-4.40361394965419e-07,-4.26191413413271e-07,-4.13473888426593e-07,-4.02142271060644e-07,-3.92133547359948e-07,-3.83388866392302e-07,-3.75853871557014e-07,-3.6947878059627e-07,-3.64218248609404e-07,-3.60031020186787e-07,-3.56879365721502e-07,-3.54728266625422e-07,-3.5354430321412e-07,-3.53294154761204e-07,-3.53942593927611e-07,-3.55449792481283e-07,-3.57767681722111e-07,-3.60834986468012e-07,-3.64570361986199e-07,-3.68862769998776e-07,-3.73557716163746e-07,-3.78437114673106e-07,-3.83188953039221e-07,-3.87359900087495e-07,-3.90277697296429e-07,-3.90915808411278e-07,-3.87635569900253e-07,-3.77626363918976e-07,-3.55405950366611e-07,-3.06787707166574e-07,-9.59332246370751e-08
1.09042081191489e-08,7.65473408339648e-08,1.12947214523661e-07,1.38066901889504e-07,1.56248195867567e-07,1.69659104543082e-07,1.79645685719094e-07,1.87125230623385e-07,1.92755267089866e-07,1.97022075858562e-07,2.00292846428304e-07,2.02848790711166e-07,2.04907250939184e-07,2.06636996369491e-07,2.08169077800422e-07,2.09604639453834e-07,2.11020553146672e-07,2.12473416830478e-07,2.14002260828828e-07,2.15630181264435e-07,2.17365030316155e-07,2.19199233613763e-07,2.21108750439296e-07,2.23051157221376e-07,2.2496279204484e-07,2.26754861598263e-07,2.28308378510727e-07,2.29467746365503e-07,2.30032777307456e-07,2.29748860220427e-07,2.28294941757209e-07,2.25268895778651e-07,2.20169741435546e-07,2.12376007430525e-07,2.01119272659512e-07,1.85451495196924e-07,1.6420398832295e-07,1.3593454838109e-07,9.88566020320622e-08,5.07385912700463e-08,-1.12519755776868e-08,-9.08254385533105e-08,-1.93179077903456e-07,-3.26906287693021e-07,-5.19253921051858e-07,-7.51328151156919e-07,-7.1030574260325e-07,-6.43060114441577e-07,-5.71327507680829e-07,-5.02028722024914e-07,-4.37828302525388e-07,-3.79692544669063e-07,-3.27789535704509e-07,-2.81891339485408e-07,-2.41577374712906e-07,-2.06344236071056e-07,-1.7566678116754e-07,-1.4903215032877e-07,-1.25958127084607e-07,-1.06002215159659e-07,-8.87651520641253e-08,-7.38910988714225e-08,-6.10658931725478e-08,-5.00142331948065e-08,-4.04963445008732e-08,-3.2304476837997e-08,-2.52594498909208e-08,-1.92073755241769e-08,-1.40166341491742e-08,-9.5751378915713e-09,-5.78789555319701e-09,-2.57487458182564e-09,1.30851184429202e-10,2.38468672001238e-09,4.23185214392787e-09,5.7084897733522e-09,6.84256375503271e-09,7.65456487548501e-09,8.15804140216089e-09,8.35996329357668e-09,8.26093749896607e-09,7.85527793884644e-09,7.13094341804824e-09,6.06934873547858e-09,4.64505621421089e-09,2.82536068127491e-09,5.69781568072943e-10,-2.17051140820042e-09,-5.45329283449573e-09,-9.3458063610641e-09,-1.39250522562431e-08,-1.92775000060288e-08,-2.54975571709223e-08,-3.26834073058747e-08,-4.09272325357451e-08,-5.02929531214182e-08,-6.07639471234919e-08,-7.21084638486908e-08,-8.34641934499387e-08,-9.14673772301515e-08,-3.99478981679177e-08
-3.69241914133866e-08,-9.96080380124049e-08,-1.02691543940112e-07,-9.97967219209892e-08,-9.50236874340369e-08,-8.97391838938257e-08,-8.45321426458438e-08,-7.96809502401734e-08,-7.53187271488439e-08,-7.1505018892048e-08,-6.82610369117845e-08,-6.55884475298652e-08,-6.34799244839054e-08,-6.19252742792478e-08,-6.0915061330579e-08,-6.04427842172355e-08,-6.05062012260885e-08,-6.11081545802162e-08,-6.22571103498906e-08,-6.39675337949538e-08,-6.62601809015982e-08,-6.91623431014944e-08,-7.27080681368555e-08,-7.69383540449402e-08,-8.19013067475702e-08,-8.76522288934716e-08,-9.42535908265222e-08,-1.01774811200261e-07,-1.10291730056221e-07,-1.19885615283893e-07,-1.30641454628857e-07,-1.42645177819002e-07,-1.55979274171592e-07,-1.70716004562362e-07,-1.86906998160098e-07,-2.04567353016764e-07,-2.23651272215011e-07,-2.44014347117143e-07,-2.65353976361622e-07,-2.8711191815901e-07,-3.08305469924325e-07,-3.27206499419215e-07,-3.40630776753231e-07,-3.41874026016786e-07,-3.10734873367249e-07,-9.80302766732806e-08,7.63592427484882e-09,6.99617409358149e-08,1.11275417074825e-07,1.38998246893195e-07,1.57218880011994e-07,1.68587492695037e-07,1.74953920775037e-07,1.77660285000065e-07,1.77701667884874e-07,1.75825065075109e-07,1.72595075194627e-07,1.68439747590676e-07,1.63683683971354e-07,1.58572502970075e-07,1.53291220698233e-07,1.47978218296892e-07,1.42735946847285e-07,1.37639179254296e-07,1.3274139704178e-07,1.2807975041107e-07,1.23678916578459e-07,1.19554103933455e-07,1.15713392209024e-07,1.12159554169184e-07,1.0889146895435e-07,1.05905216649324e-07,1.03194918110353e-07,1.00753373823449e-07,9.85725405076064e-08,9.66438758928951e-08,9.49585717247183e-08,9.35076950684582e-08,9.22822418619529e-08,9.12731141544592e-08,9.04710145386679e-08,8.98662559329843e-08,8.94484744131514e-08,8.92062218225169e-08,8.91264165460847e-08,8.91936012481216e-08,8.93889504510401e-08,8.96889374630671e-08,9.00635257239107e-08,9.04736840407294e-08,9.08679148306127e-08,9.1177293888586e-08,9.13081870540674e-08,9.11311790394577e-08,9.04634591633118e-08,8.90390294618306e-08,8.6453759192788e-08,8.20501881674757e-08,7.46208780644071e-08,6.12771080844048e-08,1.68109996527873e-08
-1.02445365803024e-08,-4.05350941335235e-08,-5.05748506843164e-08,-5.64821983084969e-08,-6.02076548181767e-08,-6.25925105007893e-08,-6.41064165848486e-08,-6.50442526363543e-08,-6.5603749301291e-08,-6.59231401930855e-08,-6.61019172366911e-08,-6.62132760190415e-08,-6.63120137560135e-08,-6.64397538779311e-08,-6.66285043259439e-08,-6.69031292856645e-08,-6.7283083357438e-08,-6.77836151848678e-08,-6.84165819761969e-08,-6.91909484199129e-08,-7.01130261413218e-08,-7.11864766094639e-08,-7.24120874106632e-08,-7.37873145927381e-08,-7.53055761469044e-08,-7.69552604491927e-08,-7.87184080067577e-08,-8.05690039872334e-08,-8.24707996921219e-08,-8.43745595839086e-08,-8.62145928025296e-08,-8.7904387395883e-08,-8.93310965725504e-08,-9.03485286342847e-08,-9.07681417553089e-08,-9.0347293233543e-08,-8.87735782302116e-08,-8.56433454297412e-08,-8.04310453676517e-08,-7.24430701639897e-08,-6.07425816250234e-08,-4.40118200672845e-08,-2.02490976794446e-08,1.41404870543054e-08,6.96747025681338e-08,1.76650802268742e-07,1.86914394808225e-07,1.82142240563008e-07,1.71923791130022e-07,1.5956294988783e-07,1.46584880168922e-07,1.33781534572676e-07,1.21574591842638e-07,1.10179321947994e-07,9.96900931813376e-08,9.01290541713354e-08,8.14754008000838e-08,7.3683572951594e-08,6.66947894170607e-08,6.04444085152453e-08,5.48666019228638e-08,4.98972639908591e-08,4.54757502690733e-08,4.15458361752215e-08,3.80561610583697e-08,3.49603345529965e-08,3.22168307571681e-08,2.97887526686639e-08,2.76435273935483e-08,2.57525684659306e-08,2.4090933885193e-08,2.26369947187753e-08,2.13721272974557e-08,2.02804318002776e-08,1.93484837570602e-08,1.85651157108262e-08,1.79212335699006e-08,1.74096602666801e-08,1.70250110051662e-08,1.67635918435567e-08,1.66233236089274e-08,1.66036841605167e-08,1.67056643855128e-08,1.6931736675992e-08,1.72858186856939e-08,1.77732314418926e-08,1.84006268960992e-08,1.91758640229634e-08,2.01077926012811e-08,2.1205881589289e-08,2.24795826892319e-08,2.39372419871739e-08,2.55842150925615e-08,2.74195265739384e-08,2.94297410933148e-08,3.15771184826217e-08,3.37748802819074e-08,3.58289486661672e-08,3.72705484000429e-08,3.66492824607174e-08,1.37204391688032e-08
6.36981221434408e-09,1.62025274934456e-08,1.58329633494463e-08,1.46774584077539e-08,1.33593591549511e-08,1.20692878269692e-08,1.08792497429848e-08,9.81630481146055e-09,8.88793842442279e-09,8.09270245061215e-09,7.42523767204987e-09,6.87881936661097e-09,6.44670255023354e-09,6.12284062995807e-09,5.90226680835565e-09,5.78129130660237e-09,5.75759744199763e-09,5.83029299916402e-09,5.99993761636856e-09,6.26857137663794e-09,6.63975007938301e-09,7.11859275892719e-09,7.71184825970661e-09,8.4279784667045e-09,9.27725623895303e-09,1.02718797301456e-08,1.14260925110846e-08,1.27563040271452e-08,1.42811930960866e-08,1.60217734399556e-08,1.80013856519866e-08,2.02455609092739e-08,2.27816744762893e-08,2.56382624385683e-08,2.88438079464489e-08,3.24246940460359e-08,3.64018429645353e-08,4.07852501250343e-08,4.55650400473609e-08,5.06964671694955e-08,5.60734961424123e-08,6.14781470577043e-08,6.6468424419231e-08,7.005708516732e-08,6.94620580604244e-08,3.60940237431917e-08,1.61527138552881e-08,3.2161366518171e-09,-6.03246909485818e-09,-1.27613926415577e-08,-1.76444783497254e-08,-2.1137543458739e-08,-2.3571289346749e-08,-2.51942895841368e-08,-2.61970501498486e-08,-2.67272111907704e-08,-2.68999332226475e-08,-2.68053562368921e-08,-2.65141390441655e-08,-2.60816636295821e-08,-2.55512754613929e-08,-2.49568071903717e-08,-2.43245588631019e-08,-2.36748614924949e-08,-2.30233152186954e-08,-2.23817731244409e-08,-2.17591260376161e-08,-2.11619259920363e-08,-2.05948846199267e-08,-2.0061271556487e-08,-1.95632290838327e-08,-1.91020233267812e-08,-1.86782428694268e-08,-1.82919518085008e-08,-1.7942811504852e-08,-1.76301673837347e-08,-1.73531160793492e-08,-1.71105460402371e-08,-1.69011625389614e-08,-1.67234902687181e-08,-1.65758619146305e-08,-1.64563837386568e-08,-1.63628820274591e-08,-1.62928267371482e-08,-1.6243221552067e-08,-1.62104622361829e-08,-1.61901421633428e-08,-1.61767983951789e-08,-1.61635695905821e-08,-1.61417331137248e-08,-1.61000704027401e-08,-1.60239769369994e-08,-1.58941820596451e-08,-1.56848498227978e-08,-1.53606340542096e-08,-1.48718398777545e-08,-1.41457838225459e-08,-1.30693193113934e-08,-1.14457216160606e-08,-8.83951096813564e-09,-2.01177260472229e-09
1.02448361368364e-08,3.59916164270404e-08,4.23045028386887e-08,4.54814311762981e-08,4.71448006962948e-08,4.79516286158403e-08,4.82491379675417e-08,4.82449471715224e-08,4.80721553092528e-08,4.78199721305815e-08,4.75501233044821e-08,4.73064187510378e-08,4.7120672576611e-08,4.70165195827649e-08,4.70119533846061e-08,4.71210515558406e-08,4.73551582297473e-08,4.77237015677208e-08,4.82347372832017e-08,4.88952925089718e-08,4.97115420810461e-08,5.06888360074137e-08,5.18315935750235e-08,5.31430533503452e-08,5.46248670730504e-08,5.62765210000655e-08,5.80945443028306e-08,6.00714663287949e-08,6.21944547226358e-08,6.4443557875195e-08,6.67894390497288e-08,6.91904500622942e-08,7.15888359688887e-08,7.39057689049387e-08,7.60347760482222e-08,7.7832896415518e-08,7.91085325892434e-08,7.9604293131735e-08,7.89718599732927e-08,7.67332676436179e-08,7.22167206962534e-08,6.44378047957057e-08,5.18380490291058e-08,3.15115686446613e-08,-4.52404025125312e-09,-9.55752721620262e-08,-1.13200338975498e-07,-1.17481153684628e-07,-1.16105303069251e-07,-1.11888612409775e-07,-1.06210311844576e-07,-9.98480194445722e-08,-9.3266578831111e-08,-8.67492320780839e-08,-8.046706358503e-08,-7.4519432873137e-08,-6.89590057926722e-08,-6.38079059278486e-08,-5.90684207694638e-08,-5.47302206186147e-08,-5.07752723054357e-08,-4.71811892674148e-08,-4.39235078766687e-08,-4.09772113713868e-08,-3.83177337611232e-08,-3.59215970022943e-08,-3.37667907892848e-08,-3.18329811260337e-08,-3.01015987020998e-08,-2.8555844372075e-08,-2.71806512622849e-08,-2.59626119540357e-08,-2.48898901861897e-08,-2.39521297683048e-08,-2.31403556458852e-08,-2.2446889375402e-08,-2.18652607320363e-08,-2.13901350779644e-08,-2.10172407745879e-08,-2.07433100469673e-08,-2.05660167581348e-08,-2.0483923585607e-08,-2.04964217964128e-08,-2.06036625381651e-08,-2.08064762970069e-08,-2.11062571846164e-08,-2.15048098315128e-08,-2.20041182871949e-08,-2.26060090119423e-08,-2.33116436783651e-08,-2.41207378311338e-08,-2.50303399631543e-08,-2.60328703297246e-08,-2.71128531203968e-08,-2.82412398076989e-08,-2.93649312924393e-08,-3.03857511863026e-08,-3.11126198695694e-08,-3.11284171242439e-08,-2.92461350810147e-08,-1.00682368994295e-08
